[null,{"name":"welcomeMsg","temp":"event_member_join","event-type":"6","_id":"NNEiz","actions":[{"server":"0","varName":"","info":"1","storage":"1","varName2":"serverid","name":"Store Server Info"},{"storage":"1","varName":"serverid","comparison":"1","value":"1323846312025653258","branch":{"iftrue":"0","iffalse":"1"},"name":"Check Variable"},{"member":"2","varName":"event_member_join","info":"0","varName2":"","branch":{"iftrue":"1","iffalse":"0"},"name":"Check If Member"},{"member":"2","varName":"event_member_join","info":"3","storage":"1","varName2":"event_member_join_username","name":"Store Member Info"},{"member":"2","varName":"event_member_join","info":"16","storage":"1","varName2":"event_member_join_avatar","name":"Store Member Info"},{"channel":"103","varName":"1324070149757730998","message":"","buttons":[],"selectMenus":[],"attachments":[],"embeds":[{"title":"Hi ${tempVars(\"event_member_join_username\")}!","url":"","color":"GREEN","timestamp":"true","imageUrl":"","thumbUrl":"${tempVars(\"event_member_join_avatar\")}","description":"Welcome to **${server.name}**!\n\n- Check out our rules ${server.rulesChannel}\n\nWe are pleased to have you with us ❤️ ","fields":[],"author":"","authorUrl":"","authorIcon":"","footerText":"","footerIconUrl":""}],"reply":false,"ephemeral":false,"tts":false,"overwrite":false,"dontSend":false,"editMessage":"0","editMessageVarName":"","storage":"1","varName2":"event_member_message","name":"Send Message"},{"name":"End Action Sequence"}]},{"name":"Activity","temp":"","event-type":"48","_id":"hpZSZ","actions":[{"gameName":"Nukes","gameLink":"","activityType":"WATCHING","name":"Set Bot Game"}]},{"name":"Leave","temp":"","event-type":"4","_id":"MrhPq","actions":[{"time":"400","measurement":"1","name":"Wait"},{"server":"0","varName":"","name":"Leave Server"}]}]